<?xml version="1.0" encoding="utf-8"?>
<annotations>
  <version>1.1</version>
  <meta>
    <task>
      <id>415467</id>
      <name>hand_keypoints</name>
      <size>100</size>
      <mode>annotation</mode>
      <overlap>0</overlap>
      <bugtracker></bugtracker>
      <created>2023-12-14 01:38:36.739898+00:00</created>
      <updated>2023-12-14 08:56:56.320923+00:00</updated>
      <subset>default</subset>
      <start_frame>0</start_frame>
      <stop_frame>99</stop_frame>
      <frame_filter></frame_filter>
      <segments>
        <segment>
          <id>463699</id>
          <start>0</start>
          <stop>99</stop>
          <url>https://app.cvat.ai/api/jobs/463218</url>
        </segment>
      </segments>
      <owner>
        <username>fernanda8</username>
        <email>fernanda.sav@discente.ufma.br</email>
      </owner>
      <assignee></assignee>
      <labels>
        <label>
          <name>hand</name>
          <color>#f08cb3</color>
          <type>any</type>
          <attributes>
          </attributes>
        </label>
      </labels>
    </task>
    <dumped>2023-12-14 08:57:07.822627+00:00</dumped>
  </meta>
  <image id="0" name="scene00001 (2).png" width="848" height="480">
    <points label="hand" source="manual" occluded="0" points="426.43,20.66;351.46,36.33;271.46,113.03;232.70,196.33;188.17,277.16;356.41,224.29;351.46,305.20;340.74,324.99;316.00,376.12;411.67,235.01;408.37,298.52;399.30,346.43;377.86,364.50;469.40,233.36;459.51,303.55;456.21,336.45;429.81,353.03;511.46,218.52;511.46,275.42;502.39,315.01;490.85,362.85" z_order="0">
    </points>
    <box label="hand" source="manual" occluded="0" xtl="173.32" ytl="0.87" xbr="552.70" ybr="414.06" z_order="0">
    </box>
  </image>
  <image id="1" name="scene00001 (3).png" width="848" height="480">
    <box label="hand" source="manual" occluded="0" xtl="228.58" ytl="1.61" xbr="629.32" ybr="452.00" z_order="0">
    </box>
    <points label="hand" source="manual" occluded="0" points="398.47,127.79;465.28,108.83;516.41,162.52;565.07,209.53;618.68,258.10;442.19,249.94;452.08,341.40;457.03,384.29;463.63,424.70;391.05,262.31;381.16,351.38;377.03,394.27;372.91,443.75;354.76,245.73;327.55,319.22;311.88,362.10;295.38,402.43;318.47,218.52;282.19,259.01;264.87,279.55;239.30,312.62" z_order="0">
    </points>
  </image>
  <image id="2" name="scene00001 (4).png" width="848" height="480">
    <box label="hand" source="manual" occluded="0" xtl="224.50" ytl="1.61" xbr="508.99" ybr="437.98" z_order="0">
    </box>
    <points label="hand" source="manual" occluded="0" points="394.35,169.94;358.06,176.45;320.95,210.27;269.81,247.38;230.23,261.40;371.26,303.55;358.89,354.68;351.46,383.55;346.52,417.36;410.85,307.59;407.55,364.50;407.55,394.27;414.14,432.12;441.36,298.52;453.73,341.40;460.33,377.77;465.28,407.38;466.93,274.68;480.12,306.85;489.20,332.33;496.62,361.20" z_order="0">
    </points>
  </image>
  <image id="3" name="scene00001 (5).png" width="848" height="480">
    <points label="hand" source="manual" occluded="0" points="429.81,159.96;377.86,184.70;328.37,242.52;336.62,301.90;369.61,361.20;381.16,292.83;386.10,361.20;389.40,338.10;384.45,283.75;426.43,321.61;428.99,364.50;416.62,329.94;413.32,259.01;465.28,312.62;466.93,350.47;450.43,310.14;443.01,254.80;499.92,289.53;513.11,339.75;494.14,332.33;475.18,282.85" z_order="0">
    </points>
    <box label="hand" source="manual" occluded="0" xtl="311.88" ytl="1.61" xbr="530.40" ybr="371.18" z_order="0">
    </box>
  </image>
  <image id="4" name="scene00001 (6).png" width="848" height="480">
    <box label="hand" source="manual" occluded="0" xtl="229.40" ytl="0.80" xbr="683.84" ybr="473.40" z_order="0">
    </box>
    <points label="hand" source="manual" occluded="0" points="432.29,133.57;388.58,167.38;346.52,220.25;292.08,268.83;249.20,274.68;447.96,324.08;450.43,383.55;450.43,417.36;452.08,453.57;499.09,312.62;521.36,382.64;529.61,422.31;540.33,466.85;537.86,292.83;570.85,346.43;592.29,384.29;610.43,422.31;568.37,247.38;613.73,268.08;643.42,284.50;674.76,300.99" z_order="0">
    </points>
  </image>
  <image id="5" name="scene00001 (7).png" width="848" height="480">
    <points label="hand" source="manual" occluded="0" points="415.79,24.70;368.78,41.20;308.58,100.66;259.09,151.71;185.69,190.47;368.78,214.47;358.89,288.62;346.52,338.10;336.62,390.14;427.34,216.12;433.94,311.71;433.94,356.33;441.36,419.75;467.75,210.27;482.60,272.12;492.50,319.22;500.74,379.42;491.67,174.80;504.04,207.05;509.81,238.31;518.89,293.57" z_order="0">
    </points>
    <box label="hand" source="manual" occluded="0" xtl="174.97" ytl="0.00" xbr="540.25" ybr="424.70" z_order="0">
    </box>
  </image>
  <image id="6" name="scene00001.png" width="848" height="480">
    <box label="hand" source="manual" occluded="0" xtl="179.92" ytl="0.87" xbr="592.29" ybr="460.25" z_order="0">
    </box>
    <points label="hand" source="manual" occluded="0" points="419.09,96.45;364.66,110.47;306.93,164.99;245.07,216.87;187.34,255.71;379.51,292.83;367.13,346.43;361.36,381.90;356.41,430.47;432.29,294.47;433.94,356.33;433.11,402.43;439.71,452.83;476.00,280.45;491.67,328.29;504.87,373.57;519.71,419.01;514.76,241.61;541.98,270.47;559.30,300.25;580.74,342.31" z_order="0">
    </points>
  </image>
  <image id="7" name="scene00016 (2).png" width="848" height="480">
    <points label="hand" source="manual" occluded="0" points="407.55,37.90;346.52,64.29;273.94,143.55;222.80,229.24;147.75,279.55;346.52,265.53;344.87,334.06;340.74,370.27;313.53,394.27;410.02,264.70;398.47,343.05;393.53,371.18;354.76,377.77;458.68,248.29;447.96,328.29;443.01,354.68;410.85,369.53;503.22,235.92;503.22,287.79;500.74,323.34;480.12,374.47" z_order="0">
    </points>
    <box label="hand" source="manual" occluded="0" xtl="137.86" ytl="0.87" xbr="541.16" ybr="426.43" z_order="0">
    </box>
  </image>
  <image id="8" name="scene00016 (7).png" width="848" height="480">
    <box label="hand" source="manual" occluded="0" xtl="298.68" ytl="1.61" xbr="531.26" ybr="354.68" z_order="0">
    </box>
    <points label="hand" source="manual" occluded="0" points="430.64,41.20;390.23,66.85;348.17,120.45;330.02,188.83;308.58,255.71;381.98,204.50;374.56,261.40;372.91,277.16;391.05,298.52;430.64,216.12;433.94,254.80;433.94,283.75;434.76,341.40;466.93,202.85;483.42,260.66;483.42,282.10;466.93,285.40;499.92,178.10;504.04,202.85;504.04,216.12;473.53,210.27" z_order="0">
    </points>
  </image>
  <image id="9" name="scene00031 (3).png" width="848" height="480">
    <box label="hand" source="manual" occluded="0" xtl="216.21" ytl="0.00" xbr="627.67" ybr="458.52" z_order="0">
    </box>
    <points label="hand" source="manual" occluded="0" points="401.77,115.42;474.35,111.38;526.31,162.52;565.90,209.53;612.08,244.08;447.13,256.45;456.21,330.68;466.10,374.47;474.35,428.08;391.05,259.01;372.91,338.10;366.31,394.27;354.76,450.27;354.76,242.52;330.85,309.24;308.58,361.20;290.43,406.64;320.12,207.79;283.84,245.73;254.97,273.03;224.45,305.20" z_order="0">
    </points>
  </image>
  <image id="10" name="scene00031 (6).png" width="848" height="480">
    <points label="hand" source="manual" occluded="0" points="436.41,127.05;400.95,155.01;354.76,224.29;316.00,280.45;277.24,298.52;447.13,309.24;448.78,371.18;447.13,406.64;447.13,436.33;499.92,300.99;520.54,363.75;528.78,408.29;539.51,450.27;537.03,277.16;566.72,327.38;586.52,364.50;605.48,404.08;565.90,229.24;611.26,249.94;640.12,262.31;674.76,285.40" z_order="0">
    </points>
    <box label="hand" source="manual" occluded="0" xtl="252.50" ytl="0.90" xbr="682.19" ybr="456.87" z_order="0">
    </box>
  </image>
  <image id="11" name="scene00031 (7).png" width="848" height="480">
    <points label="hand" source="manual" occluded="0" points="419.09,41.20;381.16,64.29;349.81,135.22;360.54,207.05;400.12,261.40;381.16,206.14;371.26,269.73;377.86,310.89;394.35,280.45;431.46,218.52;433.94,266.43;440.54,321.61;430.64,279.55;464.45,216.87;487.55,273.03;486.72,296.87;460.33,249.94;496.62,185.53;515.59,233.36;503.22,239.22;476.00,193.77" z_order="0">
    </points>
    <box label="hand" source="manual" occluded="0" xtl="325.07" ytl="1.61" xbr="532.91" ybr="331.60" z_order="0">
    </box>
  </image>
  <image id="12" name="scene00031.png" width="848" height="480">
    <points label="hand" source="manual" occluded="0" points="421.57,107.18;367.96,118.80;317.65,171.59;266.52,225.20;240.12,301.90;381.16,289.53;370.43,348.08;369.61,377.77;384.45,425.53;434.76,296.87;436.41,355.42;446.31,390.89;454.56,430.47;480.12,275.42;499.09,328.29;510.64,360.45;523.01,404.99;512.29,248.29;536.21,273.77;546.10,295.22;556.00,334.80" z_order="0">
    </points>
    <box label="hand" source="manual" occluded="0" xtl="230.23" ytl="1.61" xbr="575.79" ybr="443.75" z_order="0">
    </box>
  </image>
  <image id="13" name="scene00046 (3).png" width="848" height="480">
    <points label="hand" source="manual" occluded="0" points="400.95,100.66;473.53,97.36;522.19,160.87;566.72,215.22;617.03,241.61;441.36,252.33;449.61,330.68;453.73,371.18;461.98,424.70;392.70,251.59;374.56,329.03;365.48,385.94;351.46,447.05;356.41,236.66;334.97,298.52;318.47,354.68;299.51,406.64;316.00,212.83;285.48,241.61;254.14,272.12;226.93,301.90" z_order="0">
    </points>
    <box label="hand" source="manual" occluded="0" xtl="216.21" ytl="1.61" xbr="626.93" ybr="453.57" z_order="0">
    </box>
  </image>
  <image id="14" name="scene00046 (7).png" width="848" height="480">
    <points label="hand" source="manual" occluded="0" points="428.99,51.18;388.58,74.27;348.17,153.36;370.43,231.71;429.81,267.18;378.68,231.71;367.96,285.40;391.05,318.31;394.35,282.10;432.29,241.61;424.04,310.14;435.59,334.06;435.59,287.05;467.75,236.66;490.02,291.18;484.25,312.62;461.16,255.71;504.04,199.55;522.19,261.40;501.57,256.45;477.60,207.90" z_order="0">
    </points>
    <box label="hand" source="manual" occluded="0" xtl="325.90" ytl="0.00" xbr="535.38" ybr="340.66" z_order="0">
    </box>
  </image>
  <image id="15" name="scene00046.png" width="848" height="480">
    <box label="hand" source="manual" occluded="0" xtl="271.46" ytl="0.87" xbr="562.60" ybr="423.96" z_order="0">
    </box>
    <points label="hand" source="manual" occluded="0" points="420.74,110.47;371.26,123.75;325.07,178.10;297.86,236.66;305.28,312.62;385.28,291.92;377.86,344.70;378.68,371.92;396.00,404.99;434.76,296.12;438.06,357.90;443.84,384.29;452.91,412.33;476.83,281.20;496.62,330.68;504.87,354.68;514.76,380.25;508.99,248.29;523.84,274.68;535.38,291.92;527.96,310.14" z_order="0">
    </points>
  </image>
  <image id="16" name="scene00061 (4).png" width="848" height="480">
    <points label="hand" source="manual" occluded="0" points="397.65,167.38;358.89,179.75;316.00,222.64;276.41,256.45;232.70,278.80;372.91,308.50;366.31,353.77;358.89,384.29;357.24,424.70;411.67,312.62;410.02,362.85;407.55,397.57;407.55,433.77;438.89,300.25;443.01,338.10;447.96,362.85;452.91,404.08;466.93,273.03;476.00,288.62;477.65,295.22;468.58,305.94" z_order="0">
    </points>
    <box label="hand" source="manual" occluded="0" xtl="225.28" ytl="0.00" xbr="495.79" ybr="441.20" z_order="0">
    </box>
  </image>
  <image id="17" name="scene00061 (7).png" width="848" height="480">
    <box label="hand" source="manual" occluded="0" xtl="325.07" ytl="1.61" xbr="546.10" ybr="341.40" z_order="0">
    </box>
    <points label="hand" source="manual" occluded="0" points="453.73,68.50;404.25,93.98;344.87,169.94;387.75,253.24;451.26,263.96;383.63,235.92;377.86,291.18;403.42,321.61;404.25,273.77;442.19,246.64;431.46,324.99;452.08,329.94;446.31,277.16;482.60,235.92;494.14,321.61;484.25,298.52;473.53,249.03;521.36,213.57;529.61,275.42;517.24,262.31;499.92,212.83" z_order="0">
    </points>
  </image>
  <image id="18" name="scene00061.png" width="848" height="480">
    <box label="hand" source="manual" occluded="0" xtl="310.23" ytl="0.00" xbr="547.67" ybr="412.33" z_order="0">
    </box>
    <points label="hand" source="manual" occluded="0" points="424.87,100.66;381.16,117.16;349.81,175.71;341.57,249.94;387.75,308.50;383.63,277.90;371.26,329.94;374.56,348.83;404.25,356.33;434.76,288.62;435.59,345.53;449.61,404.99;456.21,376.12;478.47,274.68;498.27,315.01;516.41,361.20;487.55,337.36;511.46,257.36;532.08,273.77;528.78,300.99;495.79,273.77" z_order="0">
    </points>
  </image>
  <image id="19" name="scene00076 (2).png" width="848" height="480">
    <points label="hand" source="manual" occluded="0" points="476.00,30.47;406.72,60.99;377.86,148.50;354.76,244.99;278.06,301.90;382.80,277.16;356.41,331.59;361.36,362.10;404.25,367.79;424.04,283.75;426.43,334.06;443.84,388.50;460.33,412.33;477.65,290.27;485.90,334.06;502.39,365.40;523.84,398.31;524.66,272.12;532.91,319.96;546.10,338.10;570.02,385.94" z_order="0">
    </points>
    <box label="hand" source="manual" occluded="0" xtl="263.22" ytl="1.61" xbr="587.34" ybr="443.75" z_order="0">
    </box>
  </image>
  <image id="20" name="scene00076 (3).png" width="848" height="480">
    <points label="hand" source="manual" occluded="0" points="400.95,114.68;476.83,117.16;530.43,162.52;582.39,209.53;628.58,242.52;445.48,251.59;456.21,338.10;463.63,380.99;471.88,428.83;391.05,263.05;377.86,341.40;364.66,396.66;354.76,446.14;351.46,246.64;321.77,311.71;298.68,356.33;281.36,397.57;320.95,207.79;282.19,242.52;254.14,268.83;228.58,294.47" z_order="0">
    </points>
    <box label="hand" source="manual" occluded="0" xtl="219.51" ytl="1.61" xbr="641.69" ybr="451.18" z_order="0">
    </box>
  </image>
  <image id="21" name="scene00076 (4).png" width="848" height="480">
    <points label="hand" source="manual" occluded="0" points="399.30,168.29;364.66,189.73;321.77,230.14;281.36,269.73;236.00,287.79;381.16,310.89;371.26,359.55;367.13,393.36;363.01,431.38;414.97,317.57;413.32,371.18;410.85,406.64;411.67,443.75;445.48,306.85;447.96,344.70;453.73,373.57;455.38,414.06;468.58,282.10;476.83,294.47;481.77,303.55;476.83,312.62" z_order="0">
    </points>
    <box label="hand" source="manual" occluded="0" xtl="231.05" ytl="1.61" xbr="501.57" ybr="448.70" z_order="0">
    </box>
  </image>
  <image id="22" name="scene00076 (6).png" width="848" height="480">
    <points label="hand" source="manual" occluded="0" points="439.71,111.38;405.90,155.92;407.55,242.52;439.71,308.50;419.09,351.38;461.16,305.20;469.40,361.20;473.53,394.27;479.30,427.18;502.39,285.40;517.24,348.08;523.01,396.66;529.61,437.90;542.80,266.43;565.90,315.92;584.04,355.42;597.24,397.57;567.55,220.25;607.96,238.31;636.83,257.36;668.17,286.14" z_order="0">
    </points>
    <box label="hand" source="manual" occluded="0" xtl="253.32" ytl="2.52" xbr="676.41" ybr="446.14" z_order="0">
    </box>
  </image>
  <image id="23" name="scene00076 (7).png" width="848" height="480">
    <points label="hand" source="manual" occluded="0" points="468.58,80.87;412.50,93.98;348.99,178.10;400.12,254.06;466.10,254.06;388.58,245.73;393.53,324.08;417.44,311.71;410.02,254.06;436.41,250.68;441.36,331.59;463.63,311.71;451.26,259.01;485.90,225.20;503.22,314.27;499.92,289.53;480.95,237.57;530.43,198.80;536.21,269.73;531.26,247.38;513.11,191.38" z_order="0">
    </points>
    <box label="hand" source="manual" occluded="0" xtl="329.20" ytl="0.00" xbr="556.00" ybr="338.10" z_order="0">
    </box>
  </image>
  <image id="24" name="scene00076.png" width="848" height="480">
    <box label="hand" source="manual" occluded="0" xtl="311.88" ytl="0.00" xbr="532.08" ybr="395.92" z_order="0">
    </box>
    <points label="hand" source="manual" occluded="0" points="430.64,102.31;389.40,115.42;367.96,188.08;404.25,266.43;457.86,310.89;390.23,278.80;377.86,320.87;396.00,362.10;417.44,311.71;435.59,295.22;432.29,345.53;450.43,390.14;453.73,342.31;468.58,277.16;501.57,315.01;503.22,352.12;473.53,320.87;503.22,261.40;523.01,290.27;513.94,304.29;488.37,268.83" z_order="0">
    </points>
  </image>
  <image id="25" name="scene00091 (3).png" width="848" height="480">
    <points label="hand" source="manual" occluded="0" points="400.12,119.55;470.23,120.45;532.91,168.29;571.67,215.22;601.36,263.96;442.19,249.94;452.08,334.06;455.38,377.77;461.98,406.64;391.05,256.45;367.13,343.05;358.89,393.36;364.66,423.05;358.06,235.92;324.25,308.50;306.10,362.10;301.16,390.89;318.47,206.14;287.96,239.96;255.79,273.03;240.12,304.29" z_order="0">
    </points>
    <box label="hand" source="manual" occluded="0" xtl="233.53" ytl="1.61" xbr="612.08" ybr="428.91" z_order="0">
    </box>
  </image>
  <image id="26" name="scene00091 (5).png" width="848" height="480">
    <box label="hand" source="manual" occluded="0" xtl="239.30" ytl="0.87" xbr="499.84" ybr="380.25" z_order="0">
    </box>
    <points label="hand" source="manual" occluded="0" points="395.18,150.14;338.27,162.52;270.64,216.87;253.32,282.10;262.39,357.16;331.67,299.42;318.47,368.62;318.47,339.01;327.55,283.75;371.26,303.55;371.26,374.47;354.76,321.61;355.59,254.06;414.14,292.83;410.02,363.75;393.53,308.50;387.75,245.73;464.45,287.79;463.63,351.38;433.94,334.80;427.34,280.45" z_order="0">
    </points>
  </image>
  <image id="27" name="scene00091 (6).png" width="848" height="480">
    <points label="hand" source="manual" occluded="0" points="442.19,110.47;411.67,143.55;410.85,235.92;449.61,293.57;443.84,343.96;470.23,301.90;470.23,357.90;477.65,390.89;482.60,421.40;502.39,286.14;513.11,352.12;513.11,395.01;520.54,437.90;539.51,262.31;561.77,315.01;579.92,351.38;593.94,391.71;566.72,216.87;604.66,239.22;631.88,257.36;664.87,283.75" z_order="0">
    </points>
    <box label="hand" source="manual" occluded="0" xtl="249.20" ytl="0.87" xbr="673.11" ybr="443.75" z_order="0">
    </box>
  </image>
  <image id="28" name="scene00091 (7).png" width="848" height="480">
    <points label="hand" source="manual" occluded="0" points="454.56,80.87;398.47,103.96;344.04,188.08;397.65,268.08;461.98,263.96;376.21,247.38;391.05,325.73;413.32,312.62;400.95,249.94;437.24,232.62;447.13,336.45;463.63,310.89;443.01,263.05;476.00,227.59;508.17,317.57;499.92,290.27;477.65,240.87;517.24,208.62;534.56,268.08;523.84,241.61;507.34,191.38" z_order="0">
    </points>
    <box label="hand" source="manual" occluded="0" xtl="322.60" ytl="0.00" xbr="556.00" ybr="343.05" z_order="0">
    </box>
  </image>
  <image id="29" name="scene00091.png" width="848" height="480">
    <points label="hand" source="manual" occluded="0" points="427.34,100.66;389.40,113.03;367.13,197.90;417.44,262.31;471.05,304.29;386.93,269.73;383.63,315.01;410.85,345.53;419.92,299.42;441.36,282.10;432.29,346.43;451.26,374.47;454.56,331.59;468.58,268.83;499.09,310.89;499.09,345.53;466.93,305.20;504.04,255.71;513.11,288.62;504.04,298.52;483.42,252.33" z_order="0">
    </points>
    <box label="hand" source="manual" occluded="0" xtl="311.88" ytl="0.00" xbr="527.88" ybr="385.94" z_order="0">
    </box>
  </image>
  <image id="30" name="scene00106 (3).png" width="848" height="480">
    <points label="hand" source="manual" occluded="0" points="384.45,118.80;449.61,110.47;513.94,173.98;542.80,240.87;543.63,288.62;436.41,266.43;438.06,346.43;446.31,380.25;447.13,386.85;381.16,259.75;357.24,341.40;356.41,397.57;381.98,385.20;348.99,239.22;311.05,302.64;301.98,354.68;325.07,352.12;311.88,209.53;272.29,252.33;257.44,282.10;284.66,286.14" z_order="0">
    </points>
    <box label="hand" source="manual" occluded="0" xtl="247.55" ytl="2.52" xbr="565.90" ybr="404.99" z_order="0">
    </box>
  </image>
  <image id="31" name="scene00106 (6).png" width="848" height="480">
    <box label="hand" source="manual" occluded="0" xtl="249.20" ytl="1.61" xbr="668.99" ybr="443.75" z_order="0">
    </box>
    <points label="hand" source="manual" occluded="0" points="439.71,120.45;404.25,150.89;396.83,245.73;394.35,284.50;387.75,342.31;458.68,300.99;471.88,356.33;476.83,390.89;483.42,423.05;499.92,287.79;510.64,350.47;513.94,390.89;518.06,435.42;533.73,259.75;557.65,308.50;575.79,349.73;587.34,395.01;564.25,215.22;603.01,238.31;628.58,255.71;660.74,282.85" z_order="0">
    </points>
  </image>
  <image id="32" name="scene00106 (7).png" width="848" height="480">
    <points label="hand" source="manual" occluded="0" points="437.24,80.87;384.45,97.36;329.20,169.03;364.66,244.99;430.64,274.68;375.38,240.87;374.56,297.77;397.65,329.03;403.42,283.75;429.81,243.34;436.41,314.27;453.73,334.06;442.19,280.45;463.63,239.96;486.72,300.99;501.57,311.71;473.53,259.75;506.43,221.90;521.36,259.01;508.99,245.73;482.60,193.77" z_order="0">
    </points>
    <box label="hand" source="manual" occluded="0" xtl="306.93" ytl="0.87" xbr="535.38" ybr="343.96" z_order="0">
    </box>
  </image>
  <image id="33" name="scene00106.png" width="848" height="480">
    <box label="hand" source="manual" occluded="0" xtl="305.28" ytl="1.61" xbr="528.78" ybr="387.59" z_order="0">
    </box>
    <points label="hand" source="manual" occluded="0" points="424.04,100.66;386.10,114.68;366.31,191.38;410.85,256.45;460.33,300.99;385.28,268.08;386.93,311.71;411.67,341.40;419.92,296.87;440.54,284.50;433.11,342.31;453.73,380.25;452.08,331.59;468.58,271.38;497.44,318.31;501.57,350.47;471.88,311.71;504.04,255.71;513.94,287.05;511.46,300.25;483.42,266.43" z_order="0">
    </points>
  </image>
  <image id="34" name="scene00121 (3).png" width="848" height="480">
    <box label="hand" source="manual" occluded="0" xtl="242.60" ytl="0.87" xbr="526.23" ybr="384.29" z_order="0">
    </box>
    <points label="hand" source="manual" occluded="0" points="371.26,105.53;437.24,105.53;496.62,168.29;506.43,242.52;486.72,279.55;415.79,262.31;416.62,324.08;422.39,361.20;443.01,357.16;367.13,249.03;334.97,319.22;339.92,377.77;374.56,348.08;331.67,230.89;292.08,295.22;297.03,338.10;322.60,317.57;300.33,195.42;260.74,235.92;257.44,272.12;292.08,256.45" z_order="0">
    </points>
  </image>
  <image id="35" name="scene00121 (5).png" width="848" height="480">
    <points label="hand" source="manual" occluded="0" points="413.32,127.05;356.41,141.90;292.08,187.18;229.40,232.62;175.79,268.83;371.26,313.36;368.78,354.68;370.43,388.50;364.66,422.31;427.34,327.38;428.99,371.18;426.43,409.03;417.44,458.52;462.80,315.01;472.70,358.80;474.35,400.87;476.83,456.12;500.74,295.22;512.29,327.38;519.71,353.03;521.36,390.89" z_order="0">
    </points>
    <box label="hand" source="manual" occluded="0" xtl="166.72" ytl="1.61" xbr="536.21" ybr="469.24" z_order="0">
    </box>
  </image>
  <image id="36" name="scene00121 (6).png" width="848" height="480">
    <points label="hand" source="manual" occluded="0" points="450.43,112.12;414.97,143.55;391.88,214.47;372.91,265.53;337.44,319.22;466.93,300.25;480.12,354.68;487.55,392.62;495.79,422.31;508.17,288.62;518.89,354.68;523.01,397.57;527.96,437.16;545.28,268.08;567.55,315.01;582.39,356.33;595.59,397.57;574.97,222.64;613.73,243.34;641.77,259.75;674.76,283.75" z_order="0">
    </points>
    <box label="hand" source="manual" occluded="0" xtl="259.09" ytl="0.00" xbr="683.01" ybr="444.50" z_order="0">
    </box>
  </image>
  <image id="37" name="scene00121 (7).png" width="848" height="480">
    <box label="hand" source="manual" occluded="0" xtl="290.43" ytl="1.61" xbr="520.54" ybr="344.70" z_order="0">
    </box>
    <points label="hand" source="manual" occluded="0" points="413.32,60.25;365.48,82.52;308.58,150.89;335.79,225.94;396.83,273.03;367.96,235.92;364.66,291.92;382.80,329.94;390.23,291.92;426.43,247.38;447.13,301.90;444.66,337.36;424.04,288.62;460.33,242.52;496.62,305.20;486.72,307.59;463.63,268.08;502.39,229.24;512.29,259.75;498.27,252.33;472.70,204.50" z_order="0">
    </points>
  </image>
  <image id="38" name="scene00121.png" width="848" height="480">
    <points label="hand" source="manual" occluded="0" points="417.44,102.31;377.03,117.16;339.09,171.59;320.12,236.66;354.76,309.24;384.45,289.53;377.03,328.29;375.38,348.83;409.20,348.83;424.87,297.77;428.99,344.70;428.99,374.47;451.26,371.92;471.05,278.80;489.20,323.34;496.62,344.70;490.02,357.90;497.44,254.06;513.94,273.77;529.61,296.12;517.24,298.52" z_order="0">
    </points>
    <box label="hand" source="manual" occluded="0" xtl="305.28" ytl="1.61" xbr="552.70" ybr="409.03" z_order="0">
    </box>
  </image>
  <image id="39" name="scene00136 (2).png" width="848" height="480">
    <points label="hand" source="manual" occluded="0" points="471.05,9.03;402.60,29.73;334.97,120.45;271.46,218.52;156.83,237.57;365.48,242.52;368.78,346.43;378.68,390.14;419.92,433.03;427.34,248.29;445.48,345.53;472.70,428.83;477.65,381.90;483.42,249.03;494.14,324.99;539.51,404.08;549.40,376.87;536.21,242.52;549.40,301.90;565.07,324.08;600.50,364.50" z_order="0">
    </points>
    <box label="hand" source="manual" occluded="0" xtl="137.03" ytl="0.00" xbr="615.38" ybr="448.70" z_order="0">
    </box>
  </image>
  <image id="40" name="scene00136 (5).png" width="848" height="480">
    <box label="hand" source="manual" occluded="0" xtl="165.10" ytl="1.61" xbr="534.56" ybr="437.15" z_order="0">
    </box>
    <points label="hand" source="manual" occluded="0" points="416.62,128.62;358.89,137.77;299.51,195.42;230.23,248.29;174.14,279.55;374.56,315.01;368.78,358.80;367.96,385.94;357.24,430.47;423.22,322.52;427.34,378.52;422.39,400.87;405.07,425.53;461.98,316.66;471.88,367.05;470.23,390.89;460.33,428.08;499.92,299.42;509.81,327.38;515.59,361.20;516.41,391.71" z_order="0">
    </points>
  </image>
  <image id="41" name="scene00136 (6).png" width="848" height="480">
    <box label="hand" source="manual" occluded="0" xtl="255.79" ytl="0.00" xbr="694.56" ybr="449.53" z_order="0">
    </box>
    <points label="hand" source="manual" occluded="0" points="459.51,113.77;414.14,140.25;373.73,202.85;334.14,257.36;292.91,275.42;482.60,307.59;496.62,365.40;500.74,395.92;508.99,430.47;523.84,296.87;536.21,358.80;539.51,400.87;544.45,442.85;556.00,273.77;582.39,318.31;596.41,357.16;612.08,404.08;591.46,224.29;626.93,248.29;654.97,267.18;684.66,291.18" z_order="0">
    </points>
  </image>
  <image id="42" name="scene00136 (7).png" width="848" height="480">
    <points label="hand" source="manual" occluded="0" points="410.02,77.57;359.71,95.71;316.00,154.27;270.64,213.57;245.90,288.62;367.13,241.61;365.48,319.96;367.96,349.73;383.63,379.42;420.74,261.40;428.99,324.99;435.59,351.38;438.89,376.87;461.16,254.80;480.12,305.20;484.25,332.33;483.42,355.42;483.42,223.55;503.22,243.34;518.06,277.16;492.50,279.55" z_order="0">
    </points>
    <box label="hand" source="manual" occluded="0" xtl="229.40" ytl="0.87" xbr="526.31" ybr="392.62" z_order="0">
    </box>
  </image>
  <image id="43" name="scene00136.png" width="848" height="480">
    <points label="hand" source="manual" occluded="0" points="419.92,108.08;371.26,120.45;322.60,168.29;276.41,221.90;275.59,295.22;384.45,291.92;376.21,341.40;371.26,386.85;402.60,374.47;433.94,295.22;432.29,352.12;433.11,375.22;443.84,392.62;477.65,280.45;499.92,324.99;508.99,347.18;516.41,373.57;519.71,245.73;541.98,273.77;551.05,283.75;548.58,304.29" z_order="0">
    </points>
    <box label="hand" source="manual" occluded="0" xtl="252.50" ytl="0.00" xbr="579.09" ybr="414.06" z_order="0">
    </box>
  </image>
  <image id="44" name="scene00151 (3).png" width="848" height="480">
    <points label="hand" source="manual" occluded="0" points="395.18,127.79;461.98,122.10;529.61,179.75;544.45,264.70;535.38,305.20;440.54,281.20;443.84,349.73;452.08,398.31;471.05,386.85;387.75,272.12;358.06,353.03;362.19,414.80;391.88,398.31;353.94,255.71;316.00,311.71;313.53,371.92;335.79,358.80;325.07,217.77;278.89,262.31;275.59,298.52;307.75,287.79" z_order="0">
    </points>
    <box label="hand" source="manual" occluded="0" xtl="262.39" ytl="1.61" xbr="567.46" ybr="423.05" z_order="0">
    </box>
  </image>
  <image id="45" name="scene00151 (4).png" width="848" height="480">
    <box label="hand" source="manual" occluded="0" xtl="231.88" ytl="1.60" xbr="528.78" ybr="447.05" z_order="0">
    </box>
    <points label="hand" source="manual" occluded="0" points="401.77,172.33;365.48,187.18;325.07,226.85;279.71,265.53;237.65,285.40;382.80,315.92;375.38,364.50;369.61,394.27;364.66,432.12;421.57,318.31;420.74,369.53;420.74,400.87;425.69,441.20;452.08,305.94;458.68,329.94;461.98,340.66;471.05,356.33;481.77,279.55;495.79,305.20;504.87,328.29;521.36,358.80" z_order="0">
    </points>
  </image>
  <image id="46" name="scene00151 (5).png" width="848" height="480">
    <points label="hand" source="manual" occluded="0" points="425.69,136.87;367.96,146.85;321.77,195.42;276.41,266.43;228.58,345.53;361.36,327.38;367.13,370.27;363.01,394.27;340.74,351.38;414.14,326.64;425.69,394.27;394.35,384.29;386.10,324.99;465.28,332.33;467.75,384.29;443.84,381.90;429.81,324.08;496.62,321.61;507.34,373.57;492.50,373.57;480.12,342.31" z_order="0">
    </points>
    <box label="hand" source="manual" occluded="0" xtl="216.21" ytl="0.87" xbr="527.88" ybr="402.52" z_order="0">
    </box>
  </image>
  <image id="47" name="scene00151 (7).png" width="848" height="480">
    <points label="hand" source="manual" occluded="0" points="415.79,77.57;358.06,93.98;292.08,147.59;233.53,202.85;163.42,239.22;368.78,263.05;361.36,341.40;355.59,380.99;355.59,428.83;427.34,262.31;439.71,348.83;444.66,402.43;451.26,456.87;471.05,262.31;491.67,317.57;501.57,367.05;529.61,429.73;493.32,223.55;506.43,259.01;516.41,297.77;536.21,350.47" z_order="0">
    </points>
    <box label="hand" source="manual" occluded="0" xtl="154.35" ytl="0.87" xbr="555.18" ybr="463.55" z_order="0">
    </box>
  </image>
  <image id="48" name="scene00166 (3).png" width="848" height="480">
    <points label="hand" source="manual" occluded="0" points="361.36,125.98;452.08,115.26;520.54,187.92;554.35,260.50;576.62,319.79;419.92,298.35;424.04,380.83;430.64,441.03;452.91,447.63;355.59,290.10;330.85,383.38;325.90,439.38;358.89,454.31;320.95,275.26;286.31,343.71;272.29,403.09;278.89,435.26;286.31,234.85;246.72,280.29;226.10,320.62;243.42,340.50" z_order="0">
    </points>
    <box label="hand" source="manual" occluded="0" xtl="216.21" ytl="0.62" xbr="593.86" ybr="466.60" z_order="0">
    </box>
  </image>
  <image id="49" name="scene00166 (4).png" width="848" height="480">
    <box label="hand" source="manual" occluded="0" xtl="233.53" ytl="1.44" xbr="530.43" ybr="449.28" z_order="0">
    </box>
    <points label="hand" source="manual" occluded="0" points="409.20,175.46;367.13,188.66;330.02,226.68;281.36,267.92;237.65,287.63;384.45,314.10;376.21,361.03;370.43,394.10;364.66,435.26;421.57,317.40;422.39,373.40;425.69,409.77;427.34,443.59;453.73,301.73;473.53,338.85;466.10,346.19;453.73,309.90;483.42,277.73;495.79,309.90;505.69,327.22;519.71,359.38" z_order="0">
    </points>
  </image>
  <image id="50" name="scene00166 (6).png" width="848" height="480">
    <points label="hand" source="manual" occluded="0" points="437.24,123.59;395.18,147.42;349.81,205.24;305.28,261.24;264.04,274.52;451.26,307.42;447.13,364.33;443.01,394.85;441.36,431.22;502.39,293.40;526.31,355.26;541.98,398.14;555.18,439.38;546.10,262.14;581.57,307.42;617.03,340.50;647.55,373.40;569.20,220.00;617.03,226.68;650.85,241.44;686.31,257.94" z_order="0">
    </points>
    <box label="hand" source="manual" occluded="0" xtl="240.95" ytl="0.62" xbr="694.56" ybr="445.16" z_order="0">
    </box>
  </image>
  <image id="51" name="scene00181 (2).png" width="848" height="480">
    <points label="hand" source="manual" occluded="0" points="462.80,13.81;404.25,46.80;341.57,152.37;274.76,250.52;153.53,274.52;367.96,256.29;378.68,347.01;394.35,387.42;446.31,414.64;433.94,262.14;437.24,327.22;452.91,346.19;497.44,350.31;493.32,259.59;507.34,314.10;527.13,357.73;565.90,343.71;540.33,243.92;549.40,285.98;565.90,297.53;612.91,346.19" z_order="0">
    </points>
    <box label="hand" source="manual" occluded="0" xtl="140.33" ytl="0.00" xbr="624.45" ybr="436.17" z_order="0">
    </box>
  </image>
  <image id="52" name="scene00181 (4).png" width="848" height="480">
    <box label="hand" source="manual" occluded="0" xtl="233.53" ytl="0.00" xbr="532.08" ybr="448.54" z_order="0">
    </box>
    <points label="hand" source="manual" occluded="0" points="410.02,178.85;370.43,183.71;331.67,223.38;277.24,268.66;239.30,285.98;381.16,317.40;377.03,365.98;373.73,394.85;367.96,435.26;422.39,318.14;423.22,371.01;424.04,408.87;428.17,444.33;457.03,298.35;471.88,347.92;463.63,333.81;448.78,294.31;483.42,280.29;494.14,305.03;505.69,325.57;521.36,360.29" z_order="0">
    </points>
  </image>
  <image id="53" name="scene00181 (5).png" width="848" height="480">
    <points label="hand" source="manual" occluded="0" points="407.55,100.50;362.19,112.87;290.43,167.22;285.48,230.72;356.41,264.54;334.97,252.99;348.17,336.29;331.67,297.53;321.77,252.17;417.44,278.64;391.05,300.83;384.45,212.66;379.51,188.66;466.93,254.64;457.03,297.53;433.94,211.01;427.34,178.85;512.29,228.33;515.59,280.29;489.20,236.50;471.88,182.14" z_order="0">
    </points>
    <box label="hand" source="manual" occluded="0" xtl="264.87" ytl="0.00" xbr="539.51" ybr="343.79" z_order="0">
    </box>
  </image>
  <image id="54" name="scene00181 (6).png" width="848" height="480">
    <points label="hand" source="manual" occluded="0" points="433.11,121.03;394.35,154.85;346.52,218.35;304.45,258.85;261.57,276.08;453.73,307.42;452.91,360.29;448.78,394.85;447.13,429.57;504.04,286.80;528.78,356.91;542.80,396.50;559.30,439.38;546.10,262.14;593.11,301.73;626.93,330.52;658.27,364.33;566.72,218.35;620.33,229.90;651.67,239.79;687.13,249.77" z_order="0">
    </points>
    <box label="hand" source="manual" occluded="0" xtl="245.07" ytl="1.44" xbr="697.03" ybr="445.24" z_order="0">
    </box>
  </image>
  <image id="55" name="scene00196 (4).png" width="848" height="480">
    <points label="hand" source="manual" occluded="0" points="406.72,176.29;366.31,187.01;329.20,229.90;281.36,267.92;240.12,289.28;380.33,317.40;373.73,362.68;367.96,394.10;366.31,431.96;424.04,318.14;423.22,370.10;425.69,405.57;428.17,439.38;455.38,304.12;473.53,337.94;466.93,342.89;452.08,319.05;477.65,282.68;496.62,306.68;504.87,324.83;522.19,359.38" z_order="0">
    </points>
    <box label="hand" source="manual" occluded="0" xtl="233.53" ytl="1.44" xbr="531.26" ybr="445.98" z_order="0">
    </box>
  </image>
  <image id="56" name="scene00196 (5).png" width="848" height="480">
    <box label="hand" source="manual" occluded="0" xtl="258.27" ytl="0.00" xbr="532.91" ybr="376.70" z_order="0">
    </box>
    <points label="hand" source="manual" occluded="0" points="425.69,119.38;374.56,130.10;298.68,187.01;275.59,253.81;275.59,321.44;361.36,303.38;361.36,370.10;341.57,345.36;351.46,282.68;411.67,300.00;416.62,357.73;387.75,317.40;381.98,241.44;461.16,275.26;457.03,346.19;437.24,292.66;427.34,231.55;501.57,261.24;513.11,326.47;490.02,314.85;472.70,257.20" z_order="0">
    </points>
  </image>
  <image id="57" name="scene00196 (6).png" width="848" height="480">
    <points label="hand" source="manual" occluded="0" points="443.83,116.91;405.07,144.12;366.31,229.90;345.69,277.73;308.58,314.10;460.33,300.83;455.38,364.33;452.08,395.75;450.43,429.57;513.11,285.98;536.21,350.31;551.88,393.20;566.72,434.43;555.18,257.94;598.06,299.18;634.35,333.81;663.22,365.98;575.79,213.40;626.93,225.03;661.57,236.50;696.21,250.52" z_order="0">
    </points>
    <box label="hand" source="manual" occluded="0" xtl="255.79" ytl="0.00" xbr="703.63" ybr="442.68" z_order="0">
    </box>
  </image>
  <image id="58" name="scene00196 (7).png" width="848" height="480">
    <points label="hand" source="manual" occluded="0" points="417.44,56.70;377.86,86.47;347.34,168.87;361.36,253.81;381.16,326.47;384.45,257.94;370.43,327.22;367.96,369.28;379.51,425.36;435.59,267.01;447.96,316.50;465.28,368.45;490.02,429.57;470.23,244.83;489.20,296.70;508.99,340.50;529.61,405.57;503.22,216.70;520.54,251.42;526.31,287.63;537.03,340.50" z_order="0">
    </points>
    <box label="hand" source="manual" occluded="0" xtl="302.80" ytl="1.44" xbr="557.70" ybr="437.81" z_order="0">
    </box>
  </image>
  <image id="59" name="scene00196.png" width="848" height="480">
    <points label="hand" source="manual" occluded="0" points="425.69,115.26;373.73,132.66;316.83,181.24;286.31,243.92;268.17,314.10;377.86,297.53;372.91,345.36;372.91,370.10;377.86,402.27;430.64,309.90;445.48,374.31;447.13,417.94;461.98,462.47;479.30,297.53;502.39,345.36;519.71,380.83;542.80,419.59;519.71,263.71;548.58,294.31;572.50,314.10;598.06,337.20" z_order="0">
    </points>
    <box label="hand" source="manual" occluded="0" xtl="260.74" ytl="1.44" xbr="609.61" ybr="469.07" z_order="0">
    </box>
  </image>
  <image id="60" name="scene00211 (3).png" width="848" height="480">
    <points label="hand" source="manual" occluded="0" points="362.19,87.22;450.43,77.40;518.06,147.42;574.97,201.03;634.35,251.42;418.27,254.64;435.59,341.24;445.48,396.50;455.38,449.28;352.29,260.50;343.22,345.36;334.97,406.47;332.50,460.00;316.00,239.79;297.86,301.73;272.29,360.29;255.79,399.79;285.48,199.38;250.85,244.83;232.70,274.52;217.86,304.12" z_order="0">
    </points>
    <box label="hand" source="manual" occluded="0" xtl="210.43" ytl="0.62" xbr="648.37" ybr="466.60" z_order="0">
    </box>
  </image>
  <image id="61" name="scene00211 (4).png" width="848" height="480">
    <points label="hand" source="manual" occluded="0" points="400.12,174.64;363.84,191.96;325.07,238.14;276.41,274.52;236.00,289.28;381.16,321.44;371.26,371.75;367.13,397.40;359.71,435.26;422.39,323.92;423.22,376.70;424.04,408.12;424.04,442.68;452.08,310.72;463.63,330.52;475.18,355.26;458.68,344.54;479.30,282.68;494.97,306.68;507.34,328.12;523.84,360.29" z_order="0">
    </points>
    <box label="hand" source="manual" occluded="0" xtl="228.58" ytl="0.00" xbr="532.91" ybr="448.54" z_order="0">
    </box>
  </image>
  <image id="62" name="scene00211 (5).png" width="848" height="480">
    <points label="hand" source="manual" occluded="0" points="435.59,122.68;377.03,142.47;311.88,193.61;257.44,239.79;187.34,287.63;377.86,327.22;381.98,358.64;381.98,380.00;367.96,410.52;429.81,317.40;436.41,380.00;432.29,406.47;409.20,434.43;469.40,307.42;476.83,367.63;476.83,399.79;466.93,449.28;505.69,291.01;511.46,330.52;513.11,360.29;512.29,403.09" z_order="0">
    </points>
    <box label="hand" source="manual" occluded="0" xtl="178.27" ytl="2.27" xbr="535.38" ybr="460.83" z_order="0">
    </box>
  </image>
  <image id="63" name="scene00211.png" width="848" height="480">
    <box label="hand" source="manual" occluded="0" xtl="301.16" ytl="1.44" xbr="606.23" ybr="469.98" z_order="0">
    </box>
    <points label="hand" source="manual" occluded="0" points="420.74,107.01;374.56,124.33;331.67,185.36;321.77,245.57;362.19,313.20;391.05,287.63;382.80,322.27;391.05,367.63;390.23,334.64;433.94,304.12;440.54,371.01;455.38,416.29;465.28,465.03;480.95,292.66;504.87,339.59;526.31,378.35;542.80,415.55;516.41,260.50;551.05,294.31;574.97,314.10;599.71,332.99" z_order="0">
    </points>
  </image>
  <image id="64" name="scene00226.png" width="848" height="480">
    <box label="hand" source="manual" occluded="0" xtl="301.16" ytl="2.27" xbr="606.23" ybr="468.25" z_order="0">
    </box>
    <points label="hand" source="manual" occluded="0" points="419.92,112.87;380.33,125.24;328.37,180.50;320.95,253.81;373.73,303.38;390.23,284.33;395.18,323.09;396.83,356.91;387.75,315.75;433.94,300.00;444.66,367.63;455.38,416.29;466.10,459.18;480.12,287.63;506.43,336.29;525.48,376.70;544.45,412.17;518.06,256.29;547.75,286.80;573.32,309.07;595.60,333.80" z_order="0">
    </points>
  </image>
  <image id="65" name="scene00241 (3).png" width="848" height="480">
    <points label="hand" source="manual" occluded="0" points="350.64,83.92;433.11,70.72;500.74,123.59;564.25,182.89;618.68,246.47;415.79,239.05;424.04,332.99;432.29,385.77;444.66,432.87;358.89,243.09;341.57,315.75;332.50,387.42;329.20,436.90;315.18,228.33;291.26,295.05;274.76,347.92;265.69,386.68;283.01,191.96;258.27,238.14;238.47,270.31;223.63,296.70" z_order="0">
    </points>
    <box label="hand" source="manual" occluded="0" xtl="214.56" ytl="0.00" xbr="631.88" ybr="445.98" z_order="0">
    </box>
  </image>
  <image id="66" name="scene00241 (4).png" width="848" height="480">
    <points label="hand" source="manual" occluded="0" points="414.14,135.96;366.31,151.55;306.93,204.33;259.09,234.85;207.96,251.42;381.16,297.53;367.96,355.26;362.19,386.68;353.94,424.54;424.87,304.12;427.34,361.94;424.04,399.05;427.34,436.91;471.05,288.45;488.37,333.81;498.27,373.40;514.76,408.87;500.74,262.14;522.19,287.63;531.26,310.72;550.23,342.14" z_order="0">
    </points>
    <box label="hand" source="manual" occluded="0" xtl="203.01" ytl="1.44" xbr="561.77" ybr="442.68" z_order="0">
    </box>
  </image>
  <image id="67" name="scene00241 (5).png" width="848" height="480">
    <points label="hand" source="manual" occluded="0" points="421.57,129.28;361.36,134.31;310.23,191.96;236.83,237.40;197.24,230.72;386.93,322.27;400.12,366.80;401.77,389.90;395.18,432.87;444.66,323.92;454.56,367.63;454.56,406.47;452.91,459.18;480.12,310.72;494.97,360.29;503.22,391.55;513.11,442.68;513.11,285.98;532.91,321.44;546.93,342.89;562.60,366.80" z_order="0">
    </points>
    <box label="hand" source="manual" occluded="0" xtl="191.46" ytl="2.27" xbr="570.02" ybr="466.60" z_order="0">
    </box>
  </image>
  <image id="68" name="scene00241 (6).png" width="848" height="480">
    <box label="hand" source="manual" occluded="0" xtl="254.97" ytl="0.62" xbr="707.67" ybr="443.51" z_order="0">
    </box>
    <points label="hand" source="manual" occluded="0" points="449.61,111.22;420.74,156.50;423.22,229.07;420.74,310.72;396.83,361.94;477.65,304.12;470.23,359.38;461.16,395.75;460.33,431.22;519.71,288.45;546.10,348.66;556.00,393.20;568.37,436.91;560.12,255.55;608.78,296.70;636.83,337.20;665.69,369.28;588.17,208.45;629.40,227.42;664.87,236.50;701.16,257.94" z_order="0">
    </points>
  </image>
  <image id="69" name="scene00241 (7).png" width="848" height="480">
    <points label="hand" source="manual" occluded="0" points="404.25,46.80;367.96,69.07;322.60,136.70;313.53,201.03;349.81,263.71;379.51,241.44;387.75,297.53;404.25,331.42;427.34,356.91;437.24,253.81;450.43,322.27;453.73,363.59;466.10,422.14;473.53,241.44;497.44,288.45;513.94,332.17;532.91,376.70;513.94,200.29;541.98,227.42;563.42,252.17;588.99,295.05" z_order="0">
    </points>
    <box label="hand" source="manual" occluded="0" xtl="289.61" ytl="0.00" xbr="602.19" ybr="427.92" z_order="0">
    </box>
  </image>
  <image id="70" name="scene00241.png" width="848" height="480">
    <box label="hand" source="manual" occluded="0" xtl="308.58" ytl="1.44" xbr="603.84" ybr="470.72" z_order="0">
    </box>
    <points label="hand" source="manual" occluded="0" points="416.62,104.54;375.38,126.80;338.27,185.36;337.44,252.17;386.93,307.42;374.56,281.94;378.68,328.12;395.18,351.22;400.12,307.42;432.29,301.73;443.84,362.68;452.91,410.52;466.10,464.12;478.47,290.10;504.04,337.20;523.01,374.31;541.98,411.42;518.06,257.20;547.75,285.98;570.02,305.03;588.99,336.29" z_order="0">
    </points>
  </image>
  <image id="71" name="scene00256 (6).png" width="848" height="480">
    <box label="hand" source="manual" occluded="0" xtl="258.27" ytl="0.62" xbr="705.28" ybr="449.28" z_order="0">
    </box>
    <points label="hand" source="manual" occluded="0" points="460.33,107.01;417.44,139.18;389.40,210.10;364.66,272.87;343.22,323.92;473.53,297.53;473.53,358.64;471.88,395.75;471.05,442.68;526.31,277.73;543.63,344.54;556.00,389.07;571.67,431.22;562.60,250.52;602.19,300.00;630.23,332.99;660.74,371.01;588.99,201.03;631.88,222.47;658.27,234.85;697.86,262.14" z_order="0">
    </points>
  </image>
  <image id="72" name="scene00256.png" width="848" height="480">
    <points label="hand" source="manual" occluded="0" points="424.87,106.19;378.68,116.08;333.32,168.12;317.65,238.14;357.24,297.53;391.05,280.29;394.35,320.62;406.72,354.52;401.77,328.87;433.94,300.00;447.13,363.59;454.56,409.77;470.23,457.53;481.77,284.33;503.22,327.22;523.01,366.80;540.33,405.57;518.06,254.64;552.70,280.29;570.02,300.83;592.29,331.42" z_order="0">
    </points>
    <box label="hand" source="manual" occluded="0" xtl="299.51" ytl="1.44" xbr="602.19" ybr="462.56" z_order="0">
    </box>
  </image>
  <image id="73" name="scene00271 (3).png" width="848" height="480">
    <points label="hand" source="manual" occluded="0" points="440.54,135.96;498.27,127.63;546.10,160.62;584.04,225.03;585.69,271.22;485.07,251.42;494.97,315.75;506.43,363.59;518.89,362.68;445.48,256.29;426.43,327.22;432.29,382.47;458.68,363.59;414.14,241.44;385.28,297.53;384.45,347.01;406.72,343.71;380.33,215.05;343.22,257.20;341.57,291.01;362.19,291.01" z_order="0">
    </points>
    <box label="hand" source="manual" occluded="0" xtl="305.28" ytl="0.00" xbr="605.48" ybr="389.07" z_order="0">
    </box>
  </image>
  <image id="74" name="scene00271 (4).png" width="848" height="480">
    <box label="hand" source="manual" occluded="0" xtl="209.53" ytl="0.62" xbr="603.01" ybr="451.75" z_order="0">
    </box>
    <points label="hand" source="manual" occluded="0" points="458.68,132.66;404.25,135.96;344.87,186.19;275.59,243.92;217.86,254.64;404.25,312.37;387.75,370.10;379.51,407.22;374.56,441.94;460.33,314.10;461.98,365.24;474.35,393.20;493.32,436.91;503.22,306.68;519.71,352.87;532.91,390.72;548.58,435.26;541.16,274.52;562.60,297.53;573.32,328.12;591.46,359.38" z_order="0">
    </points>
  </image>
  <image id="75" name="scene00301 (4).png" width="848" height="480">
    <points label="hand" source="manual" occluded="0" points="450.43,54.31;404.25,76.50;346.52,127.63;275.59,182.89;218.68,198.64;405.90,257.94;400.12,320.62;396.00,357.73;391.05,403.92;461.98,259.59;453.73,299.18;474.35,328.87;486.72,288.45;504.04,252.17;513.94,299.18;532.08,342.14;546.10,396.50;537.86,221.73;559.30,252.99;570.85,274.52;582.39,314.85" z_order="0">
    </points>
    <box label="hand" source="manual" occluded="0" xtl="208.78" ytl="1.44" xbr="597.16" ybr="411.42" z_order="0">
    </box>
  </image>
  <image id="76" name="scene00316 (4).png" width="848" height="480">
    <points label="hand" source="manual" occluded="0" points="447.96,70.72;392.70,90.52;342.39,135.96;276.41,201.03;219.51,215.05;410.85,271.96;407.55,333.81;397.65,369.28;401.77,416.29;453.73,272.87;452.91,306.68;476.83,326.47;487.55,284.33;499.92,260.50;513.94,310.72;526.31,353.61;542.80,406.47;539.51,229.90;558.47,261.24;570.02,293.40;585.69,325.57" z_order="0">
    </points>
    <box label="hand" source="manual" occluded="0" xtl="209.53" ytl="0.62" xbr="598.89" ybr="423.71" z_order="0">
    </box>
  </image>
  <image id="77" name="scene00331 (4).png" width="848" height="480">
    <box label="hand" source="manual" occluded="0" xtl="208.78" ytl="0.62" xbr="598.89" ybr="428.66" z_order="0">
    </box>
    <points label="hand" source="manual" occluded="0" points="447.96,84.83;401.77,92.99;339.09,148.33;273.11,208.45;214.56,223.38;405.90,280.29;397.65,339.59;387.75,371.75;384.45,421.24;462.80,278.64;466.93,327.22;470.23,346.19;483.42,366.80;499.92,271.22;511.46,317.40;523.84,357.73;540.33,406.47;542.80,235.75;560.12,267.92;571.67,299.18;588.99,327.22" z_order="0">
    </points>
  </image>
  <image id="78" name="scene00331.png" width="848" height="480">
    <points label="hand" source="manual" occluded="0" points="446.31,102.89;387.75,109.57;354.76,185.36;378.68,244.83;427.34,314.10;386.10,294.31;395.18,347.01;400.95,380.83;414.14,421.24;440.54,292.66;447.13,337.20;452.08,353.61;453.73,370.10;484.25,280.29;503.22,321.44;522.19,359.38;543.63,406.47;524.66,241.44;552.70,273.61;570.02,294.31;591.46,323.09" z_order="0">
    </points>
    <box label="hand" source="manual" occluded="0" xtl="320.95" ytl="0.00" xbr="601.28" ybr="430.31" z_order="0">
    </box>
  </image>
  <image id="79" name="scene00346 (5).png" width="848" height="480">
    <box label="hand" source="manual" occluded="0" xtl="230.23" ytl="0.00" xbr="513.86" ybr="385.77" z_order="0">
    </box>
    <points label="hand" source="manual" occluded="0" points="388.58,131.01;332.50,151.55;261.57,200.29;246.72,248.12;315.18,307.42;330.02,300.83;318.47,373.40;306.93,333.81;317.65,252.17;386.93,291.01;371.26,353.61;354.76,264.54;353.94,226.68;437.24,292.66;421.57,336.29;410.85,251.42;404.25,218.35;483.42,262.89;488.37,323.92;461.98,281.03;447.96,227.42" z_order="0">
    </points>
  </image>
  <image id="80" name="scene00346.png" width="848" height="480">
    <points label="hand" source="manual" occluded="0" points="441.36,97.94;388.58,111.22;364.66,190.31;392.70,258.85;442.19,310.72;389.40,284.33;405.07,343.71;407.55,379.18;419.92,416.29;449.61,291.01;452.08,323.92;462.80,360.29;442.19,327.22;483.42,280.29;502.39,325.57;519.71,368.45;541.98,419.59;522.19,245.57;547.75,281.03;567.55,299.18;590.64,328.12" z_order="0">
    </points>
    <box label="hand" source="manual" occluded="0" xtl="321.77" ytl="0.62" xbr="602.19" ybr="425.40" z_order="0">
    </box>
  </image>
  <image id="81" name="scene00376.png" width="848" height="480">
    <box label="hand" source="manual" occluded="0" xtl="328.37" ytl="1.44" xbr="595.59" ybr="426.19" z_order="0">
    </box>
    <points label="hand" source="manual" occluded="0" points="441.36,83.92;395.18,102.14;359.71,173.81;382.80,243.09;435.59,297.53;393.53,289.28;400.95,341.24;410.85,378.35;418.27,418.85;450.43,291.01;462.80,324.83;462.80,355.26;453.73,318.14;486.72,278.64;506.43,325.57;523.84,366.80;541.98,417.94;523.84,248.12;546.10,272.87;565.07,300.83;588.17,328.87" z_order="0">
    </points>
  </image>
  <image id="82" name="scene00406 (4).png" width="848" height="480">
    <points label="hand" source="manual" occluded="0" points="446.31,77.40;393.53,97.94;339.09,149.07;268.17,206.80;212.91,221.73;405.90,269.57;433.11,342.14;431.46,311.55;418.27,265.36;463.63,288.45;478.47,343.71;482.60,392.37;499.09,445.98;499.92,266.19;513.11,317.40;526.31,360.29;541.16,402.27;539.51,233.20;562.60,268.66;572.50,294.31;589.81,325.57" z_order="0">
    </points>
    <box label="hand" source="manual" occluded="0" xtl="206.30" ytl="0.62" xbr="603.01" ybr="451.75" z_order="0">
    </box>
  </image>
  <image id="83" name="scene00406.png" width="848" height="480">
    <points label="hand" source="manual" occluded="0" points="448.78,96.29;396.00,117.73;345.69,159.05;292.08,206.80;219.51,237.40;398.47,294.31;410.02,348.66;417.44,380.83;424.04,423.71;450.43,295.96;453.73,350.31;461.98,390.72;474.35,445.24;499.92,281.03;521.36,325.57;535.38,361.94;561.77,412.99;537.03,244.83;561.77,275.26;579.09,300.00;597.24,327.22" z_order="0">
    </points>
    <box label="hand" source="manual" occluded="0" xtl="206.31" ytl="0.62" xbr="608.78" ybr="457.53" z_order="0">
    </box>
  </image>
  <image id="84" name="scene00436 (4).png" width="848" height="480">
    <points label="hand" source="manual" occluded="0" points="443.83,82.27;392.70,100.50;334.97,149.07;260.74,215.96;205.48,233.20;407.55,284.33;418.27,323.92;417.44,344.54;418.27,356.08;455.38,293.40;467.75,350.31;473.53,391.55;486.72,434.43;494.14,277.73;510.64,321.44;519.71,361.94;529.61,403.09;533.73,239.79;559.30,270.31;566.72,298.35;585.69,331.42" z_order="0">
    </points>
    <box label="hand" source="manual" occluded="0" xtl="198.06" ytl="1.44" xbr="595.51" ybr="440.29" z_order="0">
    </box>
  </image>
  <image id="85" name="scene00481.png" width="848" height="480">
    <points label="hand" source="manual" occluded="0" points="443.01,92.99;395.18,111.22;373.73,192.87;428.17,257.20;476.00,300.83;386.93,295.05;379.51,348.66;370.43,384.12;370.43,421.24;441.36,294.31;447.13,353.61;451.26,399.79;461.98,448.45;489.20,269.57;504.04,300.83;507.34,337.20;484.25,323.92;522.19,244.83;556.83,274.52;575.79,305.03;612.91,336.29" z_order="0">
    </points>
    <box label="hand" source="manual" occluded="0" xtl="318.47" ytl="0.00" xbr="621.98" ybr="455.96" z_order="0">
    </box>
  </image>
  <image id="86" name="scene00496.png" width="848" height="480">
    <points label="hand" source="manual" occluded="0" points="438.06,99.59;399.30,111.96;377.03,201.03;432.29,257.94;477.65,298.35;384.45,291.01;381.16,348.66;372.91,377.53;374.56,422.14;437.24,294.31;440.54,359.38;444.66,398.14;456.21,448.45;483.42,271.22;503.22,302.47;509.81,328.12;480.12,309.07;521.36,243.92;551.05,276.08;576.62,300.83;605.48,335.55" z_order="0">
    </points>
    <box label="hand" source="manual" occluded="0" xtl="315.18" ytl="1.44" xbr="611.26" ybr="453.40" z_order="0">
    </box>
  </image>
  <image id="87" name="scene00511 (4).png" width="848" height="480">
    <points label="hand" source="manual" occluded="0" points="444.66,112.87;388.58,133.40;326.72,190.31;303.63,248.87;341.57,307.42;415.79,319.79;424.87,370.10;429.81,403.09;437.24,441.94;466.93,313.20;473.53,377.53;482.60,419.59;493.32,458.35;506.43,297.53;518.89,348.66;529.61,389.90;541.98,427.92;539.51,262.14;555.18,293.40;569.20,323.92;585.69,352.87" z_order="0">
    </points>
    <box label="hand" source="manual" occluded="0" xtl="283.01" ytl="0.62" xbr="598.06" ybr="464.12" z_order="0">
    </box>
  </image>
  <image id="88" name="scene00526 (4).png" width="848" height="480">
    <points label="hand" source="manual" occluded="0" points="445.49,121.03;394.35,139.18;330.02,205.24;347.34,270.31;423.22,277.73;414.97,314.10;424.04,371.75;432.29,404.83;438.06,445.98;466.10,314.10;477.65,378.35;483.42,417.94;490.02,455.96;508.99,297.53;523.01,347.01;534.56,387.42;542.80,429.57;537.86,264.54;556.83,295.96;569.20,319.79;588.99,353.61" z_order="0">
    </points>
    <box label="hand" source="manual" occluded="0" xtl="311.05" ytl="0.62" xbr="595.59" ybr="465.77" z_order="0">
    </box>
  </image>
  <image id="89" name="scene00556 (2).png" width="848" height="480">
    <box label="hand" source="manual" occluded="0" xtl="285.49" ytl="0.60" xbr="574.97" ybr="438.64" z_order="0">
    </box>
    <points label="hand" source="manual" occluded="0" points="358.06,33.61;405.07,40.29;411.67,101.24;425.69,162.27;453.73,239.05;305.28,233.20;337.44,374.31;385.28,408.87;452.08,416.29;387.75,278.64;398.47,343.71;434.76,360.29;502.39,379.18;433.94,283.59;453.73,331.42;485.07,348.66;542.80,350.31;482.60,277.73;493.32,312.37;508.17,323.92;562.60,334.64" z_order="0">
    </points>
  </image>
  <image id="90" name="scene00601 (3).png" width="848" height="480">
    <box label="hand" source="manual" occluded="0" xtl="311.05" ytl="0.62" xbr="485.07" ybr="430.31" z_order="0">
    </box>
    <points label="hand" source="manual" occluded="0" points="355.59,35.26;391.05,19.59;417.44,36.08;425.69,71.55;443.01,107.01;371.26,201.94;384.45,308.33;409.20,356.08;443.01,405.57;410.85,229.07;418.27,296.70;433.94,347.01;464.45,420.50;422.39,237.40;421.57,291.01;440.54,333.81;466.10,373.40;435.59,225.03;434.76,257.20;442.19,287.63;454.56,324.83" z_order="0">
    </points>
  </image>
  <image id="91" name="scene00601 (4).png" width="848" height="480">
    <box label="hand" source="manual" occluded="0" xtl="191.46" ytl="0.62" xbr="641.77" ybr="465.77" z_order="0">
    </box>
    <points label="hand" source="manual" occluded="0" points="437.24,121.94;387.75,131.75;320.95,189.57;252.50,230.72;197.24,230.72;399.30,310.72;387.75,370.10;377.86,403.92;367.96,437.73;457.86,310.72;466.10,382.47;468.58,421.24;476.83,460.83;504.04,298.35;538.68,342.14;559.30,376.70;576.62,413.81;540.33,257.94;582.39,279.38;606.31,292.66;633.53,312.37" z_order="0">
    </points>
  </image>
  <image id="92" name="scene00601.png" width="848" height="480">
    <box label="hand" source="manual" occluded="0" xtl="318.47" ytl="2.27" xbr="576.62" ybr="455.88" z_order="0">
    </box>
    <points label="hand" source="manual" occluded="0" points="429.81,102.89;378.68,106.19;359.71,183.71;399.30,254.64;461.98,301.73;386.10,294.31;376.21,351.22;371.26,386.68;367.96,425.36;435.59,300.83;433.94,359.38;430.64,403.09;431.46,446.80;478.47,278.64;490.85,325.57;496.62,359.38;506.43,402.27;515.59,251.42;540.33,271.22;552.70,288.45;545.28,320.62" z_order="0">
    </points>
  </image>
  <image id="93" name="scene00616 (3).png" width="848" height="480">
    <box label="hand" source="manual" occluded="0" xtl="305.28" ytl="2.27" xbr="582.39" ybr="374.23" z_order="0">
    </box>
    <points label="hand" source="manual" occluded="0" points="364.66,50.10;414.14,36.91;463.63,67.42;525.48,131.01;565.07,193.61;354.76,201.94;375.38,295.05;422.39,338.85;483.42,325.57;350.64,214.31;365.48,330.52;433.94,364.33;479.30,346.19;377.03,220.00;404.25,291.75;436.41,310.72;477.65,302.47;434.76,215.05;433.94,251.42;447.96,274.52;479.30,257.20" z_order="0">
    </points>
  </image>
  <image id="94" name="scene00616.png" width="848" height="480">
    <box label="hand" source="manual" occluded="0" xtl="321.77" ytl="0.62" xbr="569.20" ybr="463.38" z_order="0">
    </box>
    <points label="hand" source="manual" occluded="0" points="430.64,103.71;384.45,116.91;367.96,191.96;422.39,267.01;476.83,301.73;391.05,300.00;384.45,355.26;380.33,389.90;381.16,429.57;440.54,305.03;435.59,364.33;434.76,407.22;435.59,455.05;486.72,280.29;493.32,331.42;496.62,353.61;509.81,387.42;515.59,249.77;540.33,269.57;554.35,291.01;530.40,304.10" z_order="0">
    </points>
  </image>
  <image id="95" name="scene00631 (3).png" width="848" height="480">
    <box label="hand" source="manual" occluded="0" xtl="302.80" ytl="0.62" xbr="567.55" ybr="356.91" z_order="0">
    </box>
    <points label="hand" source="manual" occluded="0" points="355.59,60.00;412.50,38.64;476.83,106.19;541.16,176.29;553.53,234.85;358.06,205.98;400.95,300.83;451.26,309.90;499.09,286.80;344.04,231.55;379.51,329.77;450.43,344.54;484.25,313.20;363.84,233.20;392.70,321.44;436.41,327.22;475.18,274.52;433.11,210.10;452.08,243.92;473.53,254.64;498.27,228.33" z_order="0">
    </points>
  </image>
  <image id="96" name="scene00631 (6).png" width="848" height="480">
    <box label="hand" source="manual" occluded="0" xtl="288.78" ytl="0.00" xbr="547.67" ybr="445.98" z_order="0">
    </box>
    <points label="hand" source="manual" occluded="0" points="396.00,74.10;349.81,96.29;329.20,167.22;350.64,243.09;387.75,301.73;361.36,272.87;348.17,340.50;346.52,380.00;340.74,413.81;410.85,276.91;410.85,350.31;410.85,394.85;416.62,439.38;476.83,267.01;475.18,319.05;478.47,354.52;483.42,404.83;509.81,252.17;523.01,277.73;529.61,311.55;536.21,350.31" z_order="0">
    </points>
  </image>
  <image id="97" name="scene00631.png" width="848" height="480">
    <box label="hand" source="manual" occluded="0" xtl="324.25" ytl="2.27" xbr="565.90" ybr="459.18" z_order="0">
    </box>
    <points label="hand" source="manual" occluded="0" points="437.24,104.54;394.35,123.59;381.16,191.96;438.89,267.01;490.02,296.70;394.35,297.53;384.45,353.61;383.63,390.72;387.75,432.87;442.19,299.18;436.41,361.03;433.94,404.83;434.76,451.75;486.72,273.61;494.97,330.52;506.43,356.08;513.11,394.10;517.24,250.52;536.21,266.19;549.40,298.35;507.34,297.53" z_order="0">
    </points>
  </image>
  <image id="98" name="scene00646.png" width="848" height="480">
    <points label="hand" source="manual" occluded="0" points="438.89,97.94;391.05,111.22;374.56,191.22;443.01,262.89;498.27,294.31;391.05,294.31;385.28,349.57;383.63,386.68;388.58,431.22;437.24,300.00;437.24,357.73;427.34,403.09;433.94,450.10;482.60,278.64;502.39,321.44;507.34,350.31;514.76,385.77;515.59,248.12;533.73,263.71;546.10,281.03;513.11,287.63" z_order="0">
    </points>
    <box label="hand" source="manual" occluded="0" xtl="320.12" ytl="0.62" xbr="563.42" ybr="455.88" z_order="0">
    </box>
  </image>
  <image id="99" name="scene00691 (4).png" width="848" height="480">
    <points label="hand" source="manual" occluded="0" points="398.47,75.75;343.22,102.89;325.90,175.46;349.81,271.22;393.53,331.42;380.33,274.52;379.51,336.29;389.40,376.70;405.07,433.61;423.22,277.73;432.29,328.87;446.31,386.68;457.86,449.28;466.93,260.50;483.42,295.96;497.44,325.57;522.19,381.73;499.09,231.55;518.06,254.64;534.56,276.91;549.40,317.40" z_order="0">
    </points>
    <box label="hand" source="manual" occluded="0" xtl="265.69" ytl="0.62" xbr="564.25" ybr="454.20" z_order="0">
    </box>
  </image>
</annotations>
